siteName,User Name(s)
auto-test-001,auto-test-001-user
auto-test-002,auto-test-002-user
auto-test-003,auto-test-003-user
auto-test-004,auto-test-004-user
auto-test-005,auto-test-005-user
auto-test-006,auto-test-006-user
auto-test-007,auto-test-007-user
auto-test-008,auto-test-008-user
auto-test-009,auto-test-009-user
auto-test-010,auto-test-010-user
auto-test-011,auto-test-011-user
auto-test-012,auto-test-012-user
auto-test-013,auto-test-013-user
auto-test-014,auto-test-014-user
auto-test-015,auto-test-015-user
auto-test-016,auto-test-016-user
auto-test-017,auto-test-017-user
auto-test-018,auto-test-018-user
auto-test-019,auto-test-019-user
auto-test-020,auto-test-020-user
auto-test-021,auto-test-021-user
auto-test-022,auto-test-022-user
auto-test-023,auto-test-023-user
auto-test-024,auto-test-024-user
auto-test-025,auto-test-025-user
auto-test-026,auto-test-026-user
auto-test-027,auto-test-027-user
auto-test-028,auto-test-028-user
auto-test-029,auto-test-029-user
auto-test-030,auto-test-030-user
auto-test-031,auto-test-031-user
auto-test-032,auto-test-032-user
auto-test-033,auto-test-033-user
auto-test-034,auto-test-034-user
auto-test-035,auto-test-035-user
auto-test-036,auto-test-036-user
auto-test-037,auto-test-037-user
auto-test-038,auto-test-038-user
auto-test-039,auto-test-039-user
auto-test-040,auto-test-040-user
auto-test-041,auto-test-041-user
auto-test-042,auto-test-042-user
auto-test-043,auto-test-043-user
auto-test-044,auto-test-044-user
auto-test-045,auto-test-045-user
auto-test-046,auto-test-046-user
auto-test-047,auto-test-047-user
auto-test-048,auto-test-048-user
auto-test-049,auto-test-049-user